{"l1": [0.1061061061061061, 0.004696356275303644], "euc": [0.11511511511511512, 0.005182186234817814], "cos": [0.031031031031031032, 0.010310391363022942], "chi": [0.28928928928928926, 0.00010796221322537112]}