{"l1": [0.36, 0.18666666666666668], "euc": [0.39, 0.2], "cos": [0.16, 0.25333333333333335], "chi": [0.86, 0.92]}