{"l1": [0.057057057057057055, 0.0], "euc": [0.11711711711711711, 0.0], "cos": [0.028028028028028028, 0.0], "chi": [0.35435435435435436, 0.25333333333333335]}