{"l1": [0.31431431431431434, 0.2797840755735493], "euc": [0.3383383383383383, 0.2830229419703104], "cos": [0.1031031031031031, 0.2823211875843455], "chi": [0.7527527527527528, 0.2698515519568151]}