{"l1": [0.9289289289289289, 0.0], "euc": [0.934934934934935, 0.0], "cos": [0.8998998998998999, 0.0], "chi": [0.914914914914915, 0.0]}