{"l1": [0.3563563563563564, 0.18666666666666668], "euc": [0.3833833833833834, 0.2], "cos": [0.15815815815815815, 0.24], "chi": [0.8628628628628628, 0.92]}