{"l1": [0.13113113113113112, 0.2515519568151147], "euc": [0.15415415415415415, 0.2706612685560054], "cos": [0.04204204204204204, 0.2766531713900135], "chi": [0.998998998998999, 0.08043184885290149]}