{"l1": [0.23023023023023023, 0.23093117408906882], "euc": [0.22922922922922923, 0.23249662618083672], "cos": [0.04904904904904905, 0.26251012145748986], "chi": [0.12112112112112113, 0.23087719298245615]}