{"l1": [0.36, 0.09333333333333334], "euc": [0.4, 0.13333333333333333], "cos": [0.16, 0.09333333333333334], "chi": [0.01, 1.0]}