{"l1": [0.35235235235235235, 0.09333333333333334], "euc": [0.40040040040040037, 0.13333333333333333], "cos": [0.15115115115115116, 0.09333333333333334], "chi": [0.001001001001001001, 1.0]}