{"l1": [0.18618618618618618, 0.24], "euc": [0.3793793793793794, 0.24], "cos": [0.17317317317317318, 0.24], "chi": [0.7277277277277278, 0.8266666666666667]}